zzm0,llr73,2017-03-01,'Want to be my friend?'
ac1,fr67,2017-03-01,'Let''s be friends'
mh2,bbs99,2017-08-01,'Rosemary garlic chicken recipes'
sj3,eg51,2017-04-01,'I remember you from state prison - add me back'
hhg4,ddr47,2017-12-01,'You remember me from CS 1555?'
jb5,mm98,2017-11-01,'Who are you?'
ccn6,sj3,2017-11-01,'Want to be my friend?'
kkw7,oop35,2017-01-01,'Let''s be friends'
kp8,kf60,2017-06-01,'Want to be my friend?'
wc9,ddc31,2017-02-01,'Let''s be friends'
ddm10,ah64,2017-11-01,'Let''s be friends'
dde11,ssb22,2017-07-01,'Let''s be friends'
kg12,hhr40,2017-01-01,'Hi it's mom. Add me so I can stalk your significant other'
kkw13,rt41,2017-12-01,'Let''s be friends'
wwa14,sp87,2017-05-01,'Want to be my friend?'
ea15,sp87,2017-04-01,'Let''s be friends'
aa16,kkw13,2017-12-01,'I remember you from state prison - add me back'
ppc17,lls96,2017-06-01,'You remember me from CS 1555?'
rrl18,ddr47,2017-12-01,'You remember me from CS 1555?'
ttb19,ppc17,2017-01-01,'Want to be my friend?'
ccm20,kkw13,2017-09-01,'Let''s be friends'
mmp21,sl82,2017-06-01,'Let''s be friends'
ssb22,vj27,2017-04-01,'Want to be my friend?'
rb23,bt44,2017-11-01,'Let''s be friends'
ddg24,llb46,2017-01-01,'Let''s be friends'
mmw25,sp87,2017-06-01,'Want to be my friend?'
mr26,ddc31,2017-10-01,'Want to be my friend?'
vj27,kg12,2017-03-01,'Don't add me the feds are watching'
ccr28,bt44,2017-06-01,'Want to be my friend?'
ppt29,hhr40,2017-09-01,'I'm in databases with you'
mh30,kkw13,2017-05-01,'Want to be my friend?'
ddc31,fft38,2017-04-01,'Let''s be friends'
ck32,aac72,2017-07-01,'Want to be my friend?'
rrg33,ds37,2017-09-01,'Want to be my friend?'
aab34,ccr28,2017-09-01,'Let''s be friends'
oop35,ggc91,2017-06-01,'Let''s be friends'
kkh36,aap77,2017-09-01,'Want to be my friend?'
ds37,sw85,2017-11-01,'Let''s be friends'
fft38,cs43,2017-11-01,'Is this the real life? Is this just fantasy?'
hhh39,cs43,2017-06-01,'Is this the real life? Is this just fantasy?'
hhr40,ddr47,2017-12-01,'Let''s be friends'
rt41,sj3,2017-02-01,'HEY stranger! wanna see more ;) add me on kik'
rrs42,ck32,2017-08-01,'Don't add me the feds are watching'
cs43,ah64,2017-07-01,'Let''s be friends'
bt44,eem75,2017-05-01,'Is this the real life? Is this just fantasy?'
sp45,jb5,2017-11-01,'I'm in databases with you'
llb46,sm97,2017-07-01,'I'm in databases with you'
ddr47,sm97,2017-04-01,'Let''s be friends'
rrw48,ttb19,2017-08-01,'Let''s be friends'
ssp49,kkl55,2017-12-01,'Want to be my friend?'
sd50,llr73,2017-12-01,'Let''s be friends'
eg51,at62,2017-10-01,'Want to be my friend?'
ggm52,eg51,2017-08-01,'Rosemary garlic chicken recipes'
ddh53,ppt29,2017-08-01,'Want to be my friend?'
eel54,vvr66,2017-07-01,'Who are you?'
kkl55,eg51,2017-10-01,'Let''s be friends'
eeb56,sp87,2017-11-01,'Want to be my friend?'
js57,mj78,2017-09-01,'Want to be my friend?'
gm58,ppc17,2017-06-01,'I'm in databases with you'
ak59,rrw48,2017-02-01,'Rosemary garlic chicken recipes'
kf60,gm58,2017-12-01,'Want to be my friend?'
eg61,ccm20,2017-02-01,'Let''s be friends'
at62,oop35,2017-07-01,'Is this the real life? Is this just fantasy?'
hhr63,vvr66,2017-11-01,'Let''s be friends'
ah64,jb93,2017-08-01,'Want to be my friend?'
np65,bt44,2017-01-01,'I remember you from state prison - add me back'
vvr66,hw95,2017-01-01,'Want to be my friend?'
fr67,at62,2017-08-01,'Want to be my friend?'
tw68,jb93,2017-10-01,'HEY stranger! wanna see more ;) add me on kik'
de69,ak59,2017-03-01,'Let''s be friends'
ssh70,vj27,2017-12-01,'Hi it's mom. Add me so I can stalk your significant other'
mw71,rrl18,2017-11-01,'Sometimes it feels like I'm living in a simulation'
aac72,tw68,2017-08-01,'Let''s be friends'
llr73,ccn6,2017-12-01,'Let''s be friends'
tb74,sp45,2017-05-01,'Let''s be friends'
eem75,fft38,2017-09-01,'Hi it's mom. Add me so I can stalk your significant other'
ssy76,zh79,2017-12-01,'I remember you from state prison - add me back'
aap77,llr73,2017-12-01,'I remember you from state prison - add me back'
mj78,eel54,2017-09-01,'Sometimes it feels like I'm living in a simulation'
zh79,sp87,2017-11-01,'Let''s be friends'
wwm80,ppt29,2017-10-01,'You remember me from CS 1555?'
bbd81,eg61,2017-07-01,'Let''s be friends'
sl82,rrg33,2017-09-01,'Let''s be friends'
tc83,kf60,2017-02-01,'Want to be my friend?'
of84,ddh53,2017-02-01,'Let''s be friends'
sw85,ssb22,2017-02-01,'Is this the real life? Is this just fantasy?'
lla86,sm97,2017-11-01,'Want to be my friend?'
sp87,sp87,2017-10-01,'I remember you from state prison - add me back'
dr88,ck32,2017-09-01,'Let''s be friends'
jjj89,eel54,2017-04-01,'You remember me from CS 1555?'
cc90,kp8,2017-08-01,'Want to be my friend?'
ggc91,bbs99,2017-03-01,'Who are you?'
mmw92,ak59,2017-03-01,'HEY stranger! wanna see more ;) add me on kik'
jb93,mh30,2017-12-01,'Don't add me the feds are watching'
dj94,sd50,2017-02-01,'Want to be my friend?'
hw95,rb23,2017-05-01,'Want to be my friend?'
lls96,mw71,2017-12-01,'Let''s be friends'
sm97,sj3,2017-12-01,'Want to be my friend?'
mm98,sm97,2017-02-01,'You remember me from CS 1555?'
bbs99,ccr28,2017-06-01,'Let''s be friends'
zzm0,eg61,2017-10-01,'Want to be my friend?'
ac1,ccr28,2017-04-01,'Want to be my friend?'
mh2,fr67,2017-02-01,'Let''s be friends'
sj3,llr73,2017-09-01,'Is this the real life? Is this just fantasy?'
hhg4,kkw13,2017-06-01,'Rosemary garlic chicken recipes'
jb5,fft38,2017-04-01,'Rosemary garlic chicken recipes'
ccn6,sw85,2017-03-01,'Who are you?'
kkw7,js57,2017-09-01,'Let''s be friends'
kp8,ddc31,2017-09-01,'Sometimes it feels like I'm living in a simulation'
wc9,ck32,2017-04-01,'Hi it's mom. Add me so I can stalk your significant other'
ddm10,ddh53,2017-03-01,'You remember me from CS 1555?'
dde11,de69,2017-09-01,'Is this the real life? Is this just fantasy?'
kg12,hhr40,2017-08-01,'Want to be my friend?'
kkw13,eg61,2017-06-01,'Sometimes it feels like I'm living in a simulation'
wwa14,tw68,2017-03-01,'I'm in databases with you'
ea15,dj94,2017-01-01,'You remember me from CS 1555?'
aa16,fr67,2017-11-01,'Want to be my friend?'
ppc17,mm98,2017-12-01,'Want to be my friend?'
rrl18,rb23,2017-11-01,'Hi it's mom. Add me so I can stalk your significant other'
ttb19,mmp21,2017-07-01,'Don't add me the feds are watching'
ccm20,rrw48,2017-01-01,'Hi it's mom. Add me so I can stalk your significant other'
mmp21,bbd81,2017-02-01,'Let''s be friends'
ssb22,hhr63,2017-05-01,'I'm in databases with you'
rb23,ppt29,2017-10-01,'Want to be my friend?'
ddg24,dr88,2017-12-01,'HEY stranger! wanna see more ;) add me on kik'
mmw25,kp8,2017-04-01,'I remember you from state prison - add me back'
mr26,aab34,2017-04-01,'Want to be my friend?'
vj27,rt41,2017-03-01,'Let''s be friends'
ccr28,rrw48,2017-09-01,'Want to be my friend?'
ppt29,ds37,2017-01-01,'Let''s be friends'
mh30,hhh39,2017-02-01,'Let''s be friends'
ddc31,kkl55,2017-10-01,'I remember you from state prison - add me back'
ck32,kkh36,2017-06-01,'HEY stranger! wanna see more ;) add me on kik'
rrg33,ssh70,2017-10-01,'Let''s be friends'
aab34,lla86,2017-08-01,'Who are you?'
oop35,lls96,2017-09-01,'I'm in databases with you'
kkh36,sl82,2017-05-01,'Let''s be friends'
ds37,de69,2017-03-01,'Want to be my friend?'
hhh39,mh30,2017-10-01,'I remember you from state prison - add me back'
hhr40,mmw25,2017-11-01,'Let''s be friends'
rt41,hhr63,2017-10-01,'Want to be my friend?'
rrs42,sw85,2017-01-01,'Want to be my friend?'
cs43,js57,2017-07-01,'Want to be my friend?'
bt44,ds37,2017-09-01,'Let''s be friends'
sp45,kkl55,2017-01-01,'HEY stranger! wanna see more ;) add me on kik'
llb46,sl82,2017-05-01,'Let''s be friends'
ddr47,ssy76,2017-04-01,'Who are you?'
rrw48,ttb19,2017-08-01,'Let''s be friends'
ssp49,mj78,2017-07-01,'Let''s be friends'
sd50,ssy76,2017-10-01,'I'm in databases with you'
eg51,kkl55,2017-04-01,'Is this the real life? Is this just fantasy?'
ggm52,ggc91,2017-05-01,'Hi it's mom. Add me so I can stalk your significant other'
ddh53,tc83,2017-01-01,'Let''s be friends'
eel54,cc90,2017-03-01,'Want to be my friend?'
kkl55,rrw48,2017-07-01,'HEY stranger! wanna see more ;) add me on kik'
eeb56,ssy76,2017-04-01,'I'm in databases with you'
js57,ccr28,2017-11-01,'Sometimes it feels like I'm living in a simulation'
gm58,kg12,2017-11-01,'Want to be my friend?'
ak59,ck32,2017-03-01,'Want to be my friend?'
kf60,aab34,2017-02-01,'Want to be my friend?'
eg61,llb46,2017-02-01,'Let''s be friends'
at62,bt44,2017-03-01,'Let''s be friends'
hhr63,jb5,2017-04-01,'Who are you?'
ah64,js57,2017-01-01,'Let''s be friends'
np65,sj3,2017-01-01,'Let''s be friends'
vvr66,rrw48,2017-08-01,'Want to be my friend?'
fr67,sw85,2017-12-01,'Want to be my friend?'
tw68,ddg24,2017-01-01,'I'm in databases with you'
de69,ea15,2017-12-01,'Is this the real life? Is this just fantasy?'
ssh70,fft38,2017-11-01,'HEY stranger! wanna see more ;) add me on kik'
mw71,ddr47,2017-05-01,'Want to be my friend?'
aac72,kg12,2017-06-01,'Sometimes it feels like I'm living in a simulation'
llr73,hhg4,2017-12-01,'I remember you from state prison - add me back'
tb74,fft38,2017-06-01,'Sometimes it feels like I'm living in a simulation'
eem75,ddc31,2017-11-01,'Let''s be friends'
ssy76,bbd81,2017-08-01,'Who are you?'
aap77,hhh39,2017-03-01,'Who are you?'
mj78,zh79,2017-11-01,'Let''s be friends'
zh79,eeb56,2017-12-01,'I'm in databases with you'
wwm80,zh79,2017-11-01,'Let''s be friends'
bbd81,ssp49,2017-11-01,'Who are you?'
sl82,ddh53,2017-10-01,'Want to be my friend?'
tc83,ppc17,2017-07-01,'Let''s be friends'
of84,oop35,2017-11-01,'Let''s be friends'
sw85,kf60,2017-08-01,'Want to be my friend?'
lla86,ddg24,2017-06-01,'Let''s be friends'
sp87,wc9,2017-02-01,'Sometimes it feels like I'm living in a simulation'
dr88,mj78,2017-09-01,'Want to be my friend?'
jjj89,bt44,2017-05-01,'Hi it's mom. Add me so I can stalk your significant other'
cc90,wwa14,2017-06-01,'Sometimes it feels like I'm living in a simulation'
ggc91,rrl18,2017-10-01,'Let''s be friends'
mmw92,zh79,2017-12-01,'I'm in databases with you'
jb93,dr88,2017-08-01,'Let''s be friends'
dj94,hhr63,2017-02-01,'Rosemary garlic chicken recipes'
hw95,fft38,2017-07-01,'Let''s be friends'
lls96,ak59,2017-03-01,'I remember you from state prison - add me back'
sm97,fft38,2017-06-01,'Let''s be friends'
mm98,js57,2017-04-01,'Hi it's mom. Add me so I can stalk your significant other'
bbs99,fr67,2017-07-01,'Let''s be friends'
zzm0,ck32,2017-07-01,'I remember you from state prison - add me back'
