1,wwp8,Admin
1,ld29,Member
1,ggc91,Member
1,sw28,Member
1,lc45,Member
1,os13,Member
1,fc42,Member
1,ca82,Member
1,vvc52,Member
1,cw89,Member
1,ooc50,Member
1,ddh47,Member
1,ccr53,Member
2,wwg20,Admin
2,pb77,Member
2,rrm70,Member
2,cce34,Member
2,rb23,Member
2,kp68,Member
2,sp99,Member
2,rm40,Member
2,ms75,Member
3,at27,Admin
3,sg76,Member
3,tts25,Member
3,rrs54,Member
3,ft3,Member
3,sr96,Member
3,wwr87,Member
4,ld29,Admin
4,rrw66,Member
4,os13,Member
4,bbr18,Member
4,ap2,Member
4,hhb58,Member
4,dda74,Member
4,dp80,Member
4,bt33,Member
4,at27,Member
4,mmj48,Member
4,sr7,Member
4,wwg20,Member
4,aam38,Member
4,ccp56,Member
5,ld29,Admin
5,kkr30,Member
5,wwf81,Member
5,sg76,Member
5,rm40,Member
5,bbj98,Member
5,ew14,Member
5,ca82,Member
5,wwg20,Member
5,tg32,Member
5,el21,Member
5,ggm44,Member
5,fw31,Member
5,cce34,Member
5,sp99,Member
6,ng62,Admin
6,gge37,Member
6,bbj98,Member
6,kb24,Member
6,la83,Member
6,jjr90,Member
6,rr9,Member
6,os13,Member
6,mmb49,Member
6,hhb58,Member
6,pb77,Member
7,jjr90,Admin
7,ddh47,Member
7,ddb16,Member
7,wwr87,Member
7,ddm39,Member
7,cw89,Member
7,ng62,Member
7,jk35,Member
7,sr41,Member
7,kb24,Member
7,ft3,Member
7,rrr79,Member
7,oh36,Member
7,bbj98,Member
8,ggm44,Admin
8,aaw46,Member
8,jc43,Member
8,vvc52,Member
8,ca82,Member
8,fw31,Member
8,mmj48,Member
8,ooc50,Member
8,sr7,Member
8,ccp56,Member
8,mj85,Member
8,sw5,Member
9,ddb16,Admin
9,rrm70,Member
9,ccr53,Member
9,ddw63,Member
9,fw31,Member
9,gge37,Member
9,jc43,Member
9,ld29,Member
9,cw89,Member
9,at27,Member
9,sw5,Member
9,sw28,Member
9,ooc50,Member
10,cch92,Admin
10,dm60,Member
10,sr41,Member
10,lc45,Member
10,bbj98,Member
10,wwr87,Member
