1,cca50,Admin
1,kkr17,Member
1,ks61,Member
1,oop92,Member
1,bg34,Member
1,bg51,Member
1,aam47,Member
2,cca50,Admin
2,tp84,Member
2,lw59,Member
2,dh11,Member
2,rs38,Member
2,tts39,Member
2,bba48,Member
2,mc20,Member
2,ccb66,Member
2,nnc18,Member
2,rrf82,Member
2,kkg2,Member
2,mg87,Member
2,ggw77,Member
3,ssb83,Admin
3,kb57,Member
3,mc20,Member
3,bl33,Member
3,ccd70,Member
3,aam47,Member
3,nnc18,Member
3,tt78,Member
3,cb81,Member
3,ah99,Member
3,je42,Member
3,dy7,Member
3,lw59,Member
3,eel41,Member
4,bg34,Admin
4,ggp16,Member
4,mmc73,Member
4,jje67,Member
4,cb81,Member
4,ccs6,Member
5,ssm29,Admin
5,bbb74,Member
5,vvt68,Member
5,mg87,Member
5,eec91,Member
5,st15,Member
5,lll30,Member
6,oop92,Admin
6,fm13,Member
6,aaj71,Member
6,mc20,Member
6,ggp16,Member
6,ffs32,Member
6,ggw77,Member
6,gp24,Member
6,cc12,Member
6,cr89,Member
7,rs38,Admin
7,ef75,Member
7,dh11,Member
7,ffs32,Member
7,sb22,Member
7,lll30,Member
7,cr89,Member
7,jg10,Member
7,nnc18,Member
7,jj8,Member
7,tts39,Member
7,eel41,Member
7,ssb83,Member
8,eec91,Admin
8,at97,Member
8,mmc73,Member
8,sb22,Member
8,tp84,Member
8,ddm64,Member
8,jj8,Member
8,hw63,Member
8,vvt68,Member
8,bbb74,Member
8,cca50,Member
8,rh86,Member
9,jje67,Admin
9,fm13,Member
9,jg10,Member
9,st15,Member
9,aam47,Member
9,cca50,Member
9,tp84,Member
9,kkg2,Member
9,bl33,Member
9,sj40,Member
9,ssm29,Member
9,rh21,Member
9,eem27,Member
10,cm36,Admin
10,ssj44,Member
10,ssm4,Member
10,rh86,Member
10,sb22,Member
